Fatality,Hackleburg,AL,fatalitybbx
Prana,Fayetteville,AK,prana.tsw
Dkloud,Fayetteville,AK,erickamaya
Sonarc,Phoenix,AZ,skylerbaldon
Djb3an,Phoenix,AZ,djb3anbbx
HyPurcell,Windsor,CA,eric.purcell
Leonardo,San Fransisco,CA,leonardoescuderomusic
Vikas,San Fransisco,CA,vikasbeatbox
MTO,San Fransisco,CA,mtomouthmusic
Amon,San Fransisco,CA,amon_bbx
Gram,Los Angeles,CA,brooke.355
tojo,Los Angeles,CA,tojobeats
mockingbirdbeatbox,Santa Cruz,CA,mockingbirdbeatbox
Kronik,Palm Springs,CA,dmorganmma
Galush,Middlebury,CT,galush78
CreeperFace,New Britain,CT,creeperbbx
Syntax,Berlin,CT,syntaxbeatbox
Match,Seaford,DE,matchbbx
Vishnu,Crestview,FL,musicwithvishnu
Katz,Delray Beach,FL,logankatz_
Skyler,Gainesville,FL,skyler.schenck1
smurfbox,Tampa,FL,smurfboxlol
Korver,Tampa,FL,itskorver
Stoic,Kissimmee,FL,stoicbbx
Gat,Colombus,GA,gat_bbx
Balistix,Flowery Branch,GA,_balistix_
PingPong Po,Kahului,HI,pingp0ng_po
A-C3LL,Chicago,IL,mrac3ell
Shak,Chicago,IL,shakbbx
Zilenser,Chicago,IL,zilenserbeats
Mudkip,Wuakee,IA,kipbeatbox
ghetto hippy,Ashland,KY,ghetto_hippy_2600
Turtle,Jessup,MD,turtl3_bbx
Bayne,Baltimore,MD,bayne_bbx
Yona Levitt,Silver Spring,MD,yona_levitt
Bizkit,White Plains,MA,alex__sanxhez
D-Koy,Boston,MA,dkoybeatbox
Statestreet,Boston,MA,statestreet_bbx
Joe W,Boston,MA,joseph_wheatley98
Pabloz,Boston,MA,pablozbeatbox
Enhance,Boston,MA,enhance.fx
Tebbles,Boston,MA,tebblesbbx
Franzeman,Boston,MA,franzemannn
Plant,Salem,MA,craigplant13
Renee,Lowell,MA,sketchyx3
Hunty,Detroit,MI,huntybeats
VeautifulG,Detroit,MI,veautifulg
TongFx,Lansing,MI,tongfx_beatbox
esSJay (SJ),Offalon,MO,sj_bbx
CTB,Burlington,NJ,ctbcreative
Coldness,Monmouth,NJ,_coldness_
Esah,Saddle Brook,NJ,esah_music
BLOC,Morristown,NJ,blocbeatbox
Amir,Baldwin,NY,amirlikeshugs
Ghost,Long Island,NY,ghostbeatbox
Suss,Long Island,NY,suss_bbx
Johnny Buffalo,Brooklyn,NY,johnny.buffalo
lungfish,NYC,NY,jerry_guo
Fusion,Levittown,NY,eddieflanigan
OgSpidah,Jacksonville,NC,og.spidah
JokeZ,Lewisville,NC,omar.efrain3
KAO,Columbus,OH,kao.beatbox
Livid,Dayton,OH,lividbeatbox
Kyo,El Rino,OK,prxd.kyo
Avarice,Medford,OR,_avarice_
Jwat,Broomall,PA,jwatmusic
Nafees,Philadelphia,PA,nafeesbeatbox
Germ,Lake City,SC,germbeatbox
Grimmex,Florence,SC,grimmex4
Pancake,Charleston,SC,c2o6
Equinox,North Augusta,SC,bryson_pa
CPatch,Knoxville,TN,sauerpatchkids
Fox,Nashville,TN,foxbbx
x_etr√∏it,Murfreesboro,TN,xdetroit_bbx
Notive,Wichita Falls,TX,notiveee
Dance,Gainesville,TX,1337envy1337
Frur,Bryan,TX,fr0ku
DerZon,Round Rock,TX,officialderzon
South,McKinney,TX,zachisouth
Cracka Jax,Austin,TX,crackajaxbeatbox
creepzer,Dallas,TX,creeperzbbx
Fenetix,Dallas,TX,fenetix_bbx
Beatnick,Richmond,VA,kicknazas
Mr. Alex,Richmond,VA,sazakxela
BassInk,Richmond,VA,bassink_beatbox
Glockamole,Norfolk,VA,nmshoots
Coop,Harrisonburg,VA,cooper518
Abdulla,Charlottesville,VA,dollajas